Name,Description,Link,Followers,Status
"Zola","",https://www.quora.com/profile/Zola-94,0,ERROR
"Zoe Metcalfe","",https://www.quora.com/profile/Zoe-Metcalfe-11,0,ERROR
"Zieprot Rasde","",https://www.quora.com/profile/Zieprot-Rasde,0,ERROR
"Ziecarsahy","",https://www.quora.com/profile/Ziecarsahy,0,ERROR
"Zella","",https://www.quora.com/profile/Zella-42,0,ERROR
"Zelda","",https://www.quora.com/profile/Zelda-192,0,ERROR
"Yvonne Sanderson","",https://www.quora.com/profile/Yvonne-Sanderson-9,0,ERROR
"Yvonne Poole","",https://www.quora.com/profile/Yvonne-Poole-15,0,ERROR
"Yvonne Avery","",https://www.quora.com/profile/Yvonne-Avery-3,0,ERROR
"Young","",https://www.quora.com/profile/Young-7-5,0,ERROR
"Wylie","",https://www.quora.com/profile/Wylie-25,0,ERROR
"Wrangelyorker","",https://www.quora.com/profile/Wrangelyorker,0,ERROR
"Willsyl Ntanof","",https://www.quora.com/profile/Willsyl-Ntanof,0,ERROR
"Wigaconna","",https://www.quora.com/profile/Wigaconna,0,ERROR
"Weyclodpytdomh","",https://www.quora.com/profile/Weyclodpytdomh,0,ERROR
"Wendy White","",https://www.quora.com/profile/Wendy-White-351,0,ERROR
"Wendy Slater","",https://www.quora.com/profile/Wendy-Slater-34,0,ERROR
"Wendy Lawrence","",https://www.quora.com/profile/Wendy-Lawrence-103,0,ERROR
"Weckroussletbre","",https://www.quora.com/profile/Weckroussletbre,0,ERROR
"Watchti Zentprup","",https://www.quora.com/profile/Watchti-Zentprup,0,ERROR
"Warren Harris","",https://www.quora.com/profile/Warren-Harris-91,0,ERROR
"Wanda Reid","",https://www.quora.com/profile/Wanda-Reid-24,0,ERROR
"Wanda Parr","",https://www.quora.com/profile/Wanda-Parr-4,0,ERROR
"Waldo","",https://www.quora.com/profile/Waldo-115,0,ERROR
"Voti Spycer","",https://www.quora.com/profile/Voti-Spycer,0,ERROR
"Voilowsalern","",https://www.quora.com/profile/Voilowsalern,0,ERROR
"Virginia Pullman","",https://www.quora.com/profile/Virginia-Pullman,0,ERROR
"Virginia Lawrence","",https://www.quora.com/profile/Virginia-Lawrence-27,0,ERROR
"Virginia Howard","",https://www.quora.com/profile/Virginia-Howard-41,0,ERROR
"Virginia Harris","",https://www.quora.com/profile/Virginia-Harris-86,0,ERROR
"Vincent","",https://www.quora.com/profile/Vincent-2316,0,ERROR
"Vietergatec","",https://www.quora.com/profile/Vietergatec,0,ERROR
"Victoria Hodges","",https://www.quora.com/profile/Victoria-Hodges-40,0,ERROR
"Victoria Coleman","",https://www.quora.com/profile/Victoria-Coleman-141,0,ERROR
"Victoria Carr","",https://www.quora.com/profile/Victoria-Carr-90,0,ERROR
"Vertie","",https://www.quora.com/profile/Vertie-1-1,0,ERROR
"Verslambwhigo","",https://www.quora.com/profile/Verslambwhigo,0,ERROR
"Veronica","",https://www.quora.com/profile/Veronica-2114,0,ERROR
"Vann","",https://www.quora.com/profile/Vann-5-1,0,ERROR
"Vanessa Robertson","",https://www.quora.com/profile/Vanessa-Robertson-50,0,ERROR
"Vanessa Peake","",https://www.quora.com/profile/Vanessa-Peake-4,0,ERROR
"Vanessa Lyman","",https://www.quora.com/profile/Vanessa-Lyman-1,0,ERROR
"Valec Compte","",https://www.quora.com/profile/Valec-Compte,0,ERROR
"Unounadoph","",https://www.quora.com/profile/Unounadoph,0,ERROR
"Unme Abloy","",https://www.quora.com/profile/Unme-Abloy,0,ERROR
"Ungoodpeusu","",https://www.quora.com/profile/Ungoodpeusu,0,ERROR
"Unfortuitousne","",https://www.quora.com/profile/Unfortuitousne,0,ERROR
"Underfiredwarba","",https://www.quora.com/profile/Underfiredwarba,0,ERROR
"Unclutteredpl","",https://www.quora.com/profile/Unclutteredpl,0,ERROR
"Unappraisedhugen","",https://www.quora.com/profile/Unappraisedhugen,0,ERROR
"Una Turner","",https://www.quora.com/profile/Una-Turner-2,0,ERROR
"Una Cornish","",https://www.quora.com/profile/Una-Cornish,0,ERROR
"Una Arnold","",https://www.quora.com/profile/Una-Arnold-1,0,ERROR
"Tình Lâm","knows Vietnamese",https://www.quora.com/profile/T%C3%ACnh-L%C3%A2m-2,0,ERROR
"Twowheeleddan","",https://www.quora.com/profile/Twowheeleddan,0,ERROR
"Truman","",https://www.quora.com/profile/Truman-49,0,ERROR
"Trilornise","",https://www.quora.com/profile/Trilornise,0,ERROR
"Tricia Harihara","",https://www.quora.com/profile/Tricia-Harihara,0,ERROR
"Trevor Poole","",https://www.quora.com/profile/Trevor-Poole-37,0,ERROR
"Trevor Bell","News Analyst ",https://www.quora.com/profile/Trevor-Bell-120,0,ERROR
"Treadbe Guzzpan","",https://www.quora.com/profile/Treadbe-Guzzpan,0,ERROR
"Tracey Welch","",https://www.quora.com/profile/Tracey-Welch-31,0,ERROR
"Tracey Rutherford","",https://www.quora.com/profile/Tracey-Rutherford-16,0,ERROR
"Tracey Gibson","",https://www.quora.com/profile/Tracey-Gibson-75,0,ERROR
"Tracey Black","",https://www.quora.com/profile/Tracey-Black-48,0,ERROR
"Tracey Allan","",https://www.quora.com/profile/Tracey-Allan-18,0,ERROR
"Tomas","",https://www.quora.com/profile/Tomas-7-1,0,ERROR
"Toforlisi","",https://www.quora.com/profile/Toforlisi,0,ERROR
"Tiostagfinwo","",https://www.quora.com/profile/Tiostagfinwo,0,ERROR
"Tiogapina","",https://www.quora.com/profile/Tiogapina,0,ERROR
"Tingnacacal","",https://www.quora.com/profile/Tingnacacal,0,ERROR
"Time Meho","",https://www.quora.com/profile/Time-Meho,0,ERROR
"Tim Walsh","",https://www.quora.com/profile/Tim-Walsh-295,0,ERROR
"Tighlerowo","",https://www.quora.com/profile/Tighlerowo,0,ERROR
"Therntelselfta","",https://www.quora.com/profile/Therntelselfta,0,ERROR
"Theresa Welch","",https://www.quora.com/profile/Theresa-Welch-38,0,ERROR
"Theresa Chapman","",https://www.quora.com/profile/Theresa-Chapman-54,0,ERROR
"Theresa Carr","",https://www.quora.com/profile/Theresa-Carr-46,0,ERROR
"Theresa Berry","",https://www.quora.com/profile/Theresa-Berry-47,0,ERROR
"Theo","",https://www.quora.com/profile/Theo-1253,0,ERROR
"Thad","",https://www.quora.com/profile/Thad-48,0,ERROR
"Tentdik Raicu","",https://www.quora.com/profile/Tentdik-Raicu,0,ERROR
"Tbetapomen","",https://www.quora.com/profile/Tbetapomen,0,ERROR
"Taidatesro","",https://www.quora.com/profile/Taidatesro,0,ERROR
"Tadestnesto","",https://www.quora.com/profile/Tadestnesto,0,ERROR
"Szebvajrowthphent","",https://www.quora.com/profile/Szebvajrowthphent,0,ERROR
"Sulfitesranie","",https://www.quora.com/profile/Sulfitesranie,0,ERROR
"Sue Wilkins","",https://www.quora.com/profile/Sue-Wilkins-28,0,ERROR
"Sue Mackenzie","",https://www.quora.com/profile/Sue-Mackenzie-24,0,ERROR
"Sue Knox","",https://www.quora.com/profile/Sue-Knox-21,0,ERROR
"Sue Cornish","",https://www.quora.com/profile/Sue-Cornish-19,0,ERROR
"Subcostamont","",https://www.quora.com/profile/Subcostamont,0,ERROR
"Stewea Nwaite","",https://www.quora.com/profile/Stewea-Nwaite,0,ERROR
"Stewart Poole","",https://www.quora.com/profile/Stewart-Poole-3,0,ERROR
"Stewart Ellison","",https://www.quora.com/profile/Stewart-Ellison-2,0,ERROR
"Steven Davies","",https://www.quora.com/profile/Steven-Davies-200,0,ERROR
"Steven","",https://www.quora.com/profile/Steven-3563,0,ERROR
"Sterling","",https://www.quora.com/profile/Sterling-179,0,ERROR
"Stephen Hemmings","",https://www.quora.com/profile/Stephen-Hemmings-13,0,ERROR
"Stephanie Peters","",https://www.quora.com/profile/Stephanie-Peters-206,0,ERROR
"Stephanie Paige","",https://www.quora.com/profile/Stephanie-Paige-55,0,ERROR
"Stephanie Mills","",https://www.quora.com/profile/Stephanie-Mills-259,0,ERROR
"Stanley Ramirez","former Works at SwiftSalary",https://www.quora.com/profile/Stanley-Ramirez-6,0,ERROR
"Stanley Beck","studied at Civil Engineering",https://www.quora.com/profile/Stanley-Beck-7,0,ERROR
"Stampedablel","",https://www.quora.com/profile/Stampedablel,0,ERROR
"Spodiositesel","",https://www.quora.com/profile/Spodiositesel,0,ERROR
"Spiterkeoness","",https://www.quora.com/profile/Spiterkeoness,0,ERROR
"Spectio Raisu","",https://www.quora.com/profile/Spectio-Raisu,0,ERROR
"Sophie Jones","",https://www.quora.com/profile/Sophie-Jones-934,0,ERROR
"Sophie Gray","",https://www.quora.com/profile/Sophie-Gray-133,0,ERROR
"Sonia Payne","",https://www.quora.com/profile/Sonia-Payne-18,0,ERROR
"Sonia Gibson","",https://www.quora.com/profile/Sonia-Gibson-14,0,ERROR
"Sonia Chapman","former Co-founder and Marketer",https://www.quora.com/profile/Sonia-Chapman-6,0,ERROR
"Sonia Brown","",https://www.quora.com/profile/Sonia-Brown-163,0,ERROR
"Sommerfeldt Alan","",https://www.quora.com/profile/Sommerfeldt-Alan,0,ERROR
"Solon","",https://www.quora.com/profile/Solon-15,0,ERROR
"Soflopetalc","",https://www.quora.com/profile/Soflopetalc,0,ERROR
"Sofia May","former Network Engineer at Huawei",https://www.quora.com/profile/Sofia-May-20,0,ERROR
"Siospoorcanpho","",https://www.quora.com/profile/Siospoorcanpho,0,ERROR
"Siopreserkea","",https://www.quora.com/profile/Siopreserkea,0,ERROR
"Sidney","",https://www.quora.com/profile/Sidney-310,0,ERROR
"Serteugnonsin","",https://www.quora.com/profile/Serteugnonsin,0,ERROR
"Sebastian Ogden","",https://www.quora.com/profile/Sebastian-Ogden-1,0,ERROR
"Sebastian Ferguson","",https://www.quora.com/profile/Sebastian-Ferguson-9,0,ERROR
"Sebastian Churchill","",https://www.quora.com/profile/Sebastian-Churchill-2,0,ERROR
"Sducurtykom","",https://www.quora.com/profile/Sducurtykom,0,ERROR
"Scofconcumsres","",https://www.quora.com/profile/Scofconcumsres,0,ERROR
"Schuyler","",https://www.quora.com/profile/Schuyler-31,0,ERROR
"Scenor Ryters","",https://www.quora.com/profile/Scenor-Ryters,0,ERROR
"Scarlett Jacobs","former Former Intern  at Premera Blue Cross",https://www.quora.com/profile/Scarlett-Jacobs,0,ERROR
"Scantiestcad","",https://www.quora.com/profile/Scantiestcad,0,ERROR
"Sarah Morgan","",https://www.quora.com/profile/Sarah-Morgan-904,0,ERROR
"Sandy","",https://www.quora.com/profile/Sandy-3232,0,ERROR
"Samantha Slater","",https://www.quora.com/profile/Samantha-Slater-65,0,ERROR
"Samantha Jackson","",https://www.quora.com/profile/Samantha-Jackson-595,0,ERROR
"Sam Ball","",https://www.quora.com/profile/Sam-Ball-100,0,ERROR
"Sally May","",https://www.quora.com/profile/Sally-May-138,0,ERROR
"Saldi Guite","",https://www.quora.com/profile/Saldi-Guite,0,ERROR
"Sada","",https://www.quora.com/profile/Sada-97,0,ERROR
"Ryan Lewis","",https://www.quora.com/profile/Ryan-Lewis-910,0,ERROR
"Ruth Young","",https://www.quora.com/profile/Ruth-Young-123,0,ERROR
"Ruth Payne","",https://www.quora.com/profile/Ruth-Payne-43,0,ERROR
"Ruth Graham","",https://www.quora.com/profile/Ruth-Graham-86,0,ERROR
"Ronslembperback","",https://www.quora.com/profile/Ronslembperback,0,ERROR
"Rolland","",https://www.quora.com/profile/Rolland-42,0,ERROR
"Roberta","",https://www.quora.com/profile/Roberta-370,0,ERROR
"Riomicbaiga","",https://www.quora.com/profile/Riomicbaiga,0,ERROR
"Ribilasvi","",https://www.quora.com/profile/Ribilasvi,0,ERROR
"Riaracligal","",https://www.quora.com/profile/Riaracligal,0,ERROR
"Revisorball","",https://www.quora.com/profile/Revisorball,0,ERROR
"Revelation","",https://www.quora.com/profile/Revelation-44,0,ERROR
"Rethsibyfo","",https://www.quora.com/profile/Rethsibyfo,0,ERROR
"Reta","",https://www.quora.com/profile/Reta-1-2,0,ERROR
"Resitehides","",https://www.quora.com/profile/Resitehides,0,ERROR
"Renresoles","",https://www.quora.com/profile/Renresoles,0,ERROR
"Refuditexch","",https://www.quora.com/profile/Refuditexch,0,ERROR
"Rebecca Young","",https://www.quora.com/profile/Rebecca-Young-545,0,ERROR
"Rebecca Jackson","",https://www.quora.com/profile/Rebecca-Jackson-537,0,ERROR
"Rancidifyingr","",https://www.quora.com/profile/Rancidifyingr,0,ERROR
"Rairouraku","",https://www.quora.com/profile/Rairouraku,0,ERROR
"Rachel Pullman","",https://www.quora.com/profile/Rachel-Pullman-5,0,ERROR
"Rachel Piper","",https://www.quora.com/profile/Rachel-Piper-27,0,ERROR
"Rachel Bower","",https://www.quora.com/profile/Rachel-Bower-36,0,ERROR
"Rabusmickrea","",https://www.quora.com/profile/Rabusmickrea,0,ERROR
"Quinovicziphian","",https://www.quora.com/profile/Quinovicziphian,0,ERROR
"Quidnuncsdernie","",https://www.quora.com/profile/Quidnuncsdernie,0,ERROR
"Quetunewwert","",https://www.quora.com/profile/Quetunewwert,0,ERROR
"Queenie","",https://www.quora.com/profile/Queenie-303,0,ERROR
"Prolazenstef","",https://www.quora.com/profile/Prolazenstef,0,ERROR
"Prociracop","",https://www.quora.com/profile/Prociracop,0,ERROR
"Presalaprop","",https://www.quora.com/profile/Presalaprop,0,ERROR
"Preaccountp","",https://www.quora.com/profile/Preaccountp,0,ERROR
"Porter","",https://www.quora.com/profile/Porter-113,0,ERROR
"Playbacklorna","",https://www.quora.com/profile/Playbacklorna,0,ERROR
"Planilnimu","",https://www.quora.com/profile/Planilnimu,0,ERROR
"Pippa McLean","",https://www.quora.com/profile/Pippa-McLean,0,ERROR
"Pippa Greene","",https://www.quora.com/profile/Pippa-Greene-1,0,ERROR
"Piatreadanen","",https://www.quora.com/profile/Piatreadanen,0,ERROR
"Phyllis Cox","former Works at Stocksy",https://www.quora.com/profile/Phyllis-Cox-15,0,ERROR
"Phil Bower","",https://www.quora.com/profile/Phil-Bower-13,0,ERROR
"Phatan Zeyskip","",https://www.quora.com/profile/Phatan-Zeyskip,0,ERROR
"Percival","",https://www.quora.com/profile/Percival-61,0,ERROR
"Perambleanospi","",https://www.quora.com/profile/Perambleanospi,0,ERROR
"Paycold Lungcount","",https://www.quora.com/profile/Paycold-Lungcount,0,ERROR
"Pauline Coleman","Chemist",https://www.quora.com/profile/Pauline-Coleman-24,0,ERROR
"Paul Rutherford","",https://www.quora.com/profile/Paul-Rutherford-88,0,ERROR
"Pateg Milria","",https://www.quora.com/profile/Pateg-Milria,0,ERROR
"Ozonisingco","",https://www.quora.com/profile/Ozonisingco,0,ERROR
"Owen Powell","",https://www.quora.com/profile/Owen-Powell-67,0,ERROR
"Outfloatsenu","",https://www.quora.com/profile/Outfloatsenu,0,ERROR
"Outdodgeevi","",https://www.quora.com/profile/Outdodgeevi,0,ERROR
"Ottis","",https://www.quora.com/profile/Ottis-8,0,ERROR
"Otta Terfdiff","",https://www.quora.com/profile/Otta-Terfdiff,0,ERROR
"Ostrowski Joni","",https://www.quora.com/profile/Ostrowski-Joni,0,ERROR
"Oscar","",https://www.quora.com/profile/Oscar-38-1,0,ERROR
"Opwer Tacast","",https://www.quora.com/profile/Opwer-Tacast,0,ERROR
"Opopicsen","",https://www.quora.com/profile/Opopicsen,0,ERROR
"Ollie","",https://www.quora.com/profile/Ollie-9-1,0,ERROR
"Olivia Rampling","",https://www.quora.com/profile/Olivia-Rampling-1,0,ERROR
"Olivia Kelly","",https://www.quora.com/profile/Olivia-Kelly-294,0,ERROR
"Olin","",https://www.quora.com/profile/Olin-42,0,ERROR
"Obed","",https://www.quora.com/profile/Obed-51,0,ERROR
"Ntegtalottinc","",https://www.quora.com/profile/Ntegtalottinc,0,ERROR
"Nonthinkinghallo","",https://www.quora.com/profile/Nonthinkinghallo,0,ERROR
"Nonsmokingenfeeb","",https://www.quora.com/profile/Nonsmokingenfeeb,0,ERROR
"Nonconstrictedgi","",https://www.quora.com/profile/Nonconstrictedgi,0,ERROR
"Nimrod","",https://www.quora.com/profile/Nimrod-56,0,ERROR
"Nilipriebi","",https://www.quora.com/profile/Nilipriebi,0,ERROR
"Nilibilso","",https://www.quora.com/profile/Nilibilso,0,ERROR
"Nidinsuren","",https://www.quora.com/profile/Nidinsuren,0,ERROR
"Nicola Ball","",https://www.quora.com/profile/Nicola-Ball-35,0,ERROR
"Nick","",https://www.quora.com/profile/Nick-8407,0,ERROR
"Neulawnpana","",https://www.quora.com/profile/Neulawnpana,0,ERROR
"Neoseposhy","",https://www.quora.com/profile/Neoseposhy,0,ERROR
"Neoclas Terpko","",https://www.quora.com/profile/Neoclas-Terpko,0,ERROR
"Nella","",https://www.quora.com/profile/Nella-160,0,ERROR
"Necin Consnick","",https://www.quora.com/profile/Necin-Consnick,0,ERROR
"Neca Stacun","",https://www.quora.com/profile/Neca-Stacun,0,ERROR
"Ndoler Cibur","",https://www.quora.com/profile/Ndoler-Cibur,0,ERROR
"Nathan Buckland","",https://www.quora.com/profile/Nathan-Buckland-9,0,ERROR
"Natalie Skinner","",https://www.quora.com/profile/Natalie-Skinner-45,0,ERROR
"Natalie Rutherford","",https://www.quora.com/profile/Natalie-Rutherford-22,0,ERROR
"Natalie Parsons","",https://www.quora.com/profile/Natalie-Parsons-62,0,ERROR
"Natalie Blake","",https://www.quora.com/profile/Natalie-Blake-61,0,ERROR
"Nat","",https://www.quora.com/profile/Nat-2536,0,ERROR
"Naomi","",https://www.quora.com/profile/Naomi-2048,0,ERROR
"Nairau Sauter","",https://www.quora.com/profile/Nairau-Sauter,0,ERROR
"Munkh-Iveel Bat","lives in Ulaanbaatar, Mongolia (2007-present)",https://www.quora.com/profile/Munkh-Iveel-Bat,0,ERROR
"Molly Arnold","",https://www.quora.com/profile/Molly-Arnold-45,0,ERROR
"Mitchel","",https://www.quora.com/profile/Mitchel-90,0,ERROR
"Mistretta Leon","",https://www.quora.com/profile/Mistretta-Leon,0,ERROR
"Mipopsmanfprec","",https://www.quora.com/profile/Mipopsmanfprec,0,ERROR
"Mignon","",https://www.quora.com/profile/Mignon-1-1,0,ERROR
"Microhardnes","",https://www.quora.com/profile/Microhardnes,0,ERROR
"Michelle Sutherland","",https://www.quora.com/profile/Michelle-Sutherland-80,0,ERROR
"Michelle Howard","",https://www.quora.com/profile/Michelle-Howard-368,0,ERROR
"Michelle Glover","",https://www.quora.com/profile/Michelle-Glover-110,0,ERROR
"Michelle Brown","",https://www.quora.com/profile/Michelle-Brown-2405,0,ERROR
"Michelle Anderson","",https://www.quora.com/profile/Michelle-Anderson-1346,0,ERROR
"Michelle Alsop","",https://www.quora.com/profile/Michelle-Alsop-2,0,ERROR
"Micheal","",https://www.quora.com/profile/Micheal-1048,0,ERROR
"Meta","",https://www.quora.com/profile/Meta-156,0,ERROR
"Melanie Russell","",https://www.quora.com/profile/Melanie-Russell-106,0,ERROR
"Melanie May","",https://www.quora.com/profile/Melanie-May-88,0,ERROR
"Melanie Marshall","",https://www.quora.com/profile/Melanie-Marshall-122,0,ERROR
"Megan Graham","",https://www.quora.com/profile/Megan-Graham-264,0,ERROR
"Megan Bower","",https://www.quora.com/profile/Megan-Bower-31,0,ERROR
"Medjidiehdi","",https://www.quora.com/profile/Medjidiehdi,0,ERROR
"Max Smith","",https://www.quora.com/profile/Max-Smith-1100,0,ERROR
"Mautreclingdmas","",https://www.quora.com/profile/Mautreclingdmas,0,ERROR
"Mary Vance","",https://www.quora.com/profile/Mary-Vance-60,0,ERROR
"Mary Morgan","",https://www.quora.com/profile/Mary-Morgan-562,0,ERROR
"Mary Ince","",https://www.quora.com/profile/Mary-Ince-8,0,ERROR
"Mary Greene","",https://www.quora.com/profile/Mary-Greene-183,0,ERROR
"Marlene Rose","former Works at DBL Telecom",https://www.quora.com/profile/Marlene-Rose-15,0,ERROR
"Marlene Lawrence","former Engineer at Amazon India",https://www.quora.com/profile/Marlene-Lawrence-3,0,ERROR
"Maria Wilkins","",https://www.quora.com/profile/Maria-Wilkins-14,0,ERROR
"Maria Russell","",https://www.quora.com/profile/Maria-Russell-108,0,ERROR
"Maria Dowd","",https://www.quora.com/profile/Maria-Dowd-8,0,ERROR
"Maria Clarkson","",https://www.quora.com/profile/Maria-Clarkson-9,0,ERROR
"Manley","",https://www.quora.com/profile/Manley-12,0,ERROR
"Mamtiamialap","",https://www.quora.com/profile/Mamtiamialap,0,ERROR
"Madeleine Mathis","",https://www.quora.com/profile/Madeleine-Mathis-1,0,ERROR
"Madeleine Marshall","",https://www.quora.com/profile/Madeleine-Marshall-13,0,ERROR
"Macheasulcau","",https://www.quora.com/profile/Macheasulcau,0,ERROR
"Luvenia","",https://www.quora.com/profile/Luvenia-1-1,0,ERROR
"Lupogoca","",https://www.quora.com/profile/Lupogoca,0,ERROR
"Luohinmiberg","",https://www.quora.com/profile/Luohinmiberg,0,ERROR
"Luke Lawrence","",https://www.quora.com/profile/Luke-Lawrence-82,0,ERROR
"Luke","",https://www.quora.com/profile/Luke-3971,0,ERROR
"Ludie","",https://www.quora.com/profile/Ludie-7,0,ERROR
"Lucubratorju","",https://www.quora.com/profile/Lucubratorju,0,ERROR
"Lloyd Jackson","former Works at Government Contractors",https://www.quora.com/profile/Lloyd-Jackson-32,0,ERROR
"Lisa Underwood","",https://www.quora.com/profile/Lisa-Underwood-99,0,ERROR
"Lisa Sanderson","",https://www.quora.com/profile/Lisa-Sanderson-74,0,ERROR
"Lisa Lee","",https://www.quora.com/profile/Lisa-Lee-1635,0,ERROR
"Linwo Noumi","",https://www.quora.com/profile/Linwo-Noumi,0,ERROR
"Lingmi Spysook","",https://www.quora.com/profile/Lingmi-Spysook,0,ERROR
"Linda","",https://www.quora.com/profile/Linda-4105,0,ERROR
"Lily Powell","",https://www.quora.com/profile/Lily-Powell-75,0,ERROR
"Lily Ince","",https://www.quora.com/profile/Lily-Ince-2,0,ERROR
"Lilliputiansconc","",https://www.quora.com/profile/Lilliputiansconc,0,ERROR
"Lillie","",https://www.quora.com/profile/Lillie-240,0,ERROR
"Lillian Hemmings","",https://www.quora.com/profile/Lillian-Hemmings,0,ERROR
"Lieblichsteeplel","",https://www.quora.com/profile/Lieblichsteeplel,0,ERROR
"Liaskirolcor","",https://www.quora.com/profile/Liaskirolcor,0,ERROR
"Liakauntinom","",https://www.quora.com/profile/Liakauntinom,0,ERROR
"Lfacsmakepeace","",https://www.quora.com/profile/Lfacsmakepeace,0,ERROR
"Levi Jensen","former Former Chief Goon",https://www.quora.com/profile/Levi-Jensen-13,0,ERROR
"Leuconostocsybe","",https://www.quora.com/profile/Leuconostocsybe,0,ERROR
"Lester","",https://www.quora.com/profile/Lester-201,0,ERROR
"Lerecude","",https://www.quora.com/profile/Lerecude,0,ERROR
"Leon","",https://www.quora.com/profile/Leon-2025,0,ERROR
"Laysomnono","",https://www.quora.com/profile/Laysomnono,0,ERROR
"Lavonia","",https://www.quora.com/profile/Lavonia-7,0,ERROR
"Lavenia","",https://www.quora.com/profile/Lavenia-1-1,0,ERROR
"Lauretta","",https://www.quora.com/profile/Lauretta-25,0,ERROR
"Lauren Roberts","",https://www.quora.com/profile/Lauren-Roberts-553,0,ERROR
"Lauren North","",https://www.quora.com/profile/Lauren-North-31,0,ERROR
"Lauren Burgess","",https://www.quora.com/profile/Lauren-Burgess-133,0,ERROR
"Kylie Vance","",https://www.quora.com/profile/Kylie-Vance-11,0,ERROR
"Kylie McGrath","",https://www.quora.com/profile/Kylie-McGrath-15,0,ERROR
"Kylie Bond","",https://www.quora.com/profile/Kylie-Bond-14,0,ERROR
"Kirontachibana","",https://www.quora.com/profile/Kirontachibana,0,ERROR
"Kimberly Wright","",https://www.quora.com/profile/Kimberly-Wright-430,0,ERROR
"Kimberly Martin","",https://www.quora.com/profile/Kimberly-Martin-626,0,ERROR
"Kharircuge","",https://www.quora.com/profile/Kharircuge,0,ERROR
"Kevin Skinner","",https://www.quora.com/profile/Kevin-Skinner-95,0,ERROR
"Kellie Lamsal","",https://www.quora.com/profile/Kellie-Lamsal,0,ERROR
"Kathryne","",https://www.quora.com/profile/Kathryne-10,0,ERROR
"Katherine Short","",https://www.quora.com/profile/Katherine-Short-20,0,ERROR
"Katherine Oliver","",https://www.quora.com/profile/Katherine-Oliver-51,0,ERROR
"Katherine McDonald","",https://www.quora.com/profile/Katherine-McDonald-89,0,ERROR
"Katherine Avery","",https://www.quora.com/profile/Katherine-Avery-20,0,ERROR
"Karl","",https://www.quora.com/profile/Karl-1633,0,ERROR
"Karen Manning","",https://www.quora.com/profile/Karen-Manning-85,0,ERROR
"Karen Johnston","",https://www.quora.com/profile/Karen-Johnston-262,0,ERROR
"Karen Blake","",https://www.quora.com/profile/Karen-Blake-127,0,ERROR
"Karen Black","",https://www.quora.com/profile/Karen-Black-274,0,ERROR
"Kahleb Madoc","",https://www.quora.com/profile/Kahleb-Madoc,0,ERROR
"Justin Metcalfe","",https://www.quora.com/profile/Justin-Metcalfe-16,0,ERROR
"Justin Graham","",https://www.quora.com/profile/Justin-Graham-306,0,ERROR
"Jumecema","",https://www.quora.com/profile/Jumecema,0,ERROR
"Julian Turner","",https://www.quora.com/profile/Julian-Turner-87,0,ERROR
"Julian Lyman","",https://www.quora.com/profile/Julian-Lyman-3,0,ERROR
"Julian Johnston","",https://www.quora.com/profile/Julian-Johnston-16,0,ERROR
"Julia King","",https://www.quora.com/profile/Julia-King-250,0,ERROR
"Julia Jones","",https://www.quora.com/profile/Julia-Jones-626,0,ERROR
"Julia Coleman","",https://www.quora.com/profile/Julia-Coleman-80,0,ERROR
"Julia Churchill","",https://www.quora.com/profile/Julia-Churchill-13,0,ERROR
"Joshua Kelly","",https://www.quora.com/profile/Joshua-Kelly-310,0,ERROR
"Josh","",https://www.quora.com/profile/Josh-6920,0,ERROR
"Jonathan McDonald","",https://www.quora.com/profile/Jonathan-McDonald-142,0,ERROR
"John Cowan","",https://www.quora.com/profile/John-Cowan-63,0,ERROR
"Joanne Reid","",https://www.quora.com/profile/Joanne-Reid-84,0,ERROR
"Joanne Oliver","",https://www.quora.com/profile/Joanne-Oliver-40,0,ERROR
"Joanne Ellison","",https://www.quora.com/profile/Joanne-Ellison-15,0,ERROR
"Joan Ince","",https://www.quora.com/profile/Joan-Ince,0,ERROR
"Joan Cameron","",https://www.quora.com/profile/Joan-Cameron-37,0,ERROR
"Jo Adams","former Senior Software Engineer at Informatica",https://www.quora.com/profile/Jo-Adams-57,0,ERROR
"Jerome Burton","lived in Chennai, Tamil Nadu, India",https://www.quora.com/profile/Jerome-Burton-6,0,ERROR
"Jerome","",https://www.quora.com/profile/Jerome-582,0,ERROR
"Jennifer Nolan","",https://www.quora.com/profile/Jennifer-Nolan-116,0,ERROR
"Jennifer Morrison","",https://www.quora.com/profile/Jennifer-Morrison-301,0,ERROR
"Jennifer Jones","",https://www.quora.com/profile/Jennifer-Jones-3392,0,ERROR
"Jennifer Hodges","",https://www.quora.com/profile/Jennifer-Hodges-142,0,ERROR
"Jennifer Baker","",https://www.quora.com/profile/Jennifer-Baker-916,0,ERROR
"Jennifer Arnold","",https://www.quora.com/profile/Jennifer-Arnold-278,0,ERROR
"Jean","",https://www.quora.com/profile/Jean-1995,0,ERROR
"Javersulphone","",https://www.quora.com/profile/Javersulphone,0,ERROR
"Jasper","",https://www.quora.com/profile/Jasper-987,0,ERROR
"Jason Ince","",https://www.quora.com/profile/Jason-Ince-6,0,ERROR
"Jasmine Mackay","",https://www.quora.com/profile/Jasmine-Mackay-12,0,ERROR
"Jasmine Johnston","",https://www.quora.com/profile/Jasmine-Johnston-54,0,ERROR
"Jan Miller","",https://www.quora.com/profile/Jan-Miller-285,0,ERROR
"Jan Lewis","",https://www.quora.com/profile/Jan-Lewis-117,0,ERROR
"Jamoriri","",https://www.quora.com/profile/Jamoriri,0,ERROR
"James Quinn","",https://www.quora.com/profile/James-Quinn-485,0,ERROR
"James Miller","",https://www.quora.com/profile/James-Miller-3373,0,ERROR
"James Bell","",https://www.quora.com/profile/James-Bell-1223,0,ERROR
"Jalapenosstrewa","",https://www.quora.com/profile/Jalapenosstrewa,0,ERROR
"Jake Vaughan","",https://www.quora.com/profile/Jake-Vaughan-43,0,ERROR
"Jake Stewart","",https://www.quora.com/profile/Jake-Stewart-271,0,ERROR
"Jaderteali","",https://www.quora.com/profile/Jaderteali,0,ERROR
"Jacob Poole","",https://www.quora.com/profile/Jacob-Poole-84,0,ERROR
"Ivan","",https://www.quora.com/profile/Ivan-2491,0,ERROR
"Isaac Lyman","",https://www.quora.com/profile/Isaac-Lyman-4,0,ERROR
"Irven","",https://www.quora.com/profile/Irven-5,0,ERROR
"Insuperlistening","",https://www.quora.com/profile/Insuperlistening,0,ERROR
"Iniv Bladin","",https://www.quora.com/profile/Iniv-Bladin,0,ERROR
"Indofiru","",https://www.quora.com/profile/Indofiru,0,ERROR
"Inconcussibl","",https://www.quora.com/profile/Inconcussibl,0,ERROR
"Imunmorsay","",https://www.quora.com/profile/Imunmorsay,0,ERROR
"Imteepoubunk","",https://www.quora.com/profile/Imteepoubunk,0,ERROR
"Imepfecco","",https://www.quora.com/profile/Imepfecco,0,ERROR
"Ilcredgenscy","",https://www.quora.com/profile/Ilcredgenscy,0,ERROR
"Icy","",https://www.quora.com/profile/Icy-393,0,ERROR
"Ian Parr","",https://www.quora.com/profile/Ian-Parr-29,0,ERROR
"Hotsdersybu","",https://www.quora.com/profile/Hotsdersybu,0,ERROR
"Horsehourtrom","",https://www.quora.com/profile/Horsehourtrom,0,ERROR
"Hope","",https://www.quora.com/profile/Hope-29-1,0,ERROR
"Hokier Madrases","",https://www.quora.com/profile/Hokier-Madrases,0,ERROR
"Hincerata","",https://www.quora.com/profile/Hincerata,0,ERROR
"Hillary Dastrup","",https://www.quora.com/profile/Hillary-Dastrup-4,0,ERROR
"Herman","",https://www.quora.com/profile/Herman-266,0,ERROR
"Heliophobiagela","",https://www.quora.com/profile/Heliophobiagela,0,ERROR
"Heather Sanderson","",https://www.quora.com/profile/Heather-Sanderson-39,0,ERROR
"Heather Allan","",https://www.quora.com/profile/Heather-Allan-40,0,ERROR
"Harry MacLeod","",https://www.quora.com/profile/Harry-MacLeod-11,0,ERROR
"Harry Fisher","",https://www.quora.com/profile/Harry-Fisher-107,0,ERROR
"Harinearratt","",https://www.quora.com/profile/Harinearratt,0,ERROR
"Hannah Terry","",https://www.quora.com/profile/Hannah-Terry-81,0,ERROR
"Hannah Carr","",https://www.quora.com/profile/Hannah-Carr-139,0,ERROR
"Hamilton","",https://www.quora.com/profile/Hamilton-133,0,ERROR
"Halsey","",https://www.quora.com/profile/Halsey-47,0,ERROR
"Guesperadam","",https://www.quora.com/profile/Guesperadam,0,ERROR
"Grover","",https://www.quora.com/profile/Grover-1-1,0,ERROR
"Grace Newman","",https://www.quora.com/profile/Grace-Newman-84,0,ERROR
"Grace McDonald","",https://www.quora.com/profile/Grace-McDonald-130,0,ERROR
"Grace Ferguson","",https://www.quora.com/profile/Grace-Ferguson-89,0,ERROR
"Grace Edmunds","",https://www.quora.com/profile/Grace-Edmunds-7,0,ERROR
"Grabevkarre","",https://www.quora.com/profile/Grabevkarre,0,ERROR
"Gladys Barnes","studied at SASTRA University, Thanjavur",https://www.quora.com/profile/Gladys-Barnes-4,0,ERROR
"Gilbert Morgan","former Accountant",https://www.quora.com/profile/Gilbert-Morgan-6,0,ERROR
"Gieingsably","",https://www.quora.com/profile/Gieingsably,0,ERROR
"Geramvesing","",https://www.quora.com/profile/Geramvesing,0,ERROR
"Geo","",https://www.quora.com/profile/Geo-697,0,ERROR
"Gene","",https://www.quora.com/profile/Gene-1-2,0,ERROR
"Gavynn.jishnu","",https://www.quora.com/profile/Gavynn-jishnu,0,ERROR
"Garab Gyllong","",https://www.quora.com/profile/Garab-Gyllong,0,ERROR
"Gaca Gallift","",https://www.quora.com/profile/Gaca-Gallift,0,ERROR
"Gabrielle Ince","",https://www.quora.com/profile/Gabrielle-Ince,0,ERROR
"Gabrielle Buckland","",https://www.quora.com/profile/Gabrielle-Buckland-1,0,ERROR
"Gabe","",https://www.quora.com/profile/Gabe-1157,0,ERROR
"Fromfulutin","",https://www.quora.com/profile/Fromfulutin,0,ERROR
"Fritombidbia","",https://www.quora.com/profile/Fritombidbia,0,ERROR
"Frank","",https://www.quora.com/profile/Frank-35-1,0,ERROR
"Francisco","",https://www.quora.com/profile/Francisco-773,0,ERROR
"Frafex Somen","",https://www.quora.com/profile/Frafex-Somen,0,ERROR
"Foreinclinedune","",https://www.quora.com/profile/Foreinclinedune,0,ERROR
"Fonbou Grumcast","",https://www.quora.com/profile/Fonbou-Grumcast,0,ERROR
"Floyd","",https://www.quora.com/profile/Floyd-183,0,ERROR
"Firna Onri","",https://www.quora.com/profile/Firna-Onri,0,ERROR
"Fiona Skinner","",https://www.quora.com/profile/Fiona-Skinner-11,0,ERROR
"Fiona Ross","",https://www.quora.com/profile/Fiona-Ross-103,0,ERROR
"Fiona Anderson","",https://www.quora.com/profile/Fiona-Anderson-191,0,ERROR
"Finis","",https://www.quora.com/profile/Finis-6,0,ERROR
"Fidboahofen","",https://www.quora.com/profile/Fidboahofen,0,ERROR
"Fibromatouswe","",https://www.quora.com/profile/Fibromatouswe,0,ERROR
"Fibes Onez","",https://www.quora.com/profile/Fibes-Onez,0,ERROR
"Felicity Ogden","",https://www.quora.com/profile/Felicity-Ogden,0,ERROR
"Felicity Nolan","",https://www.quora.com/profile/Felicity-Nolan-2,0,ERROR
"Favorselfgloryi","",https://www.quora.com/profile/Favorselfgloryi,0,ERROR
"Faith Edmunds","",https://www.quora.com/profile/Faith-Edmunds-4,0,ERROR
"Faith Dyer","",https://www.quora.com/profile/Faith-Dyer-14,0,ERROR
"Exstal Amic","",https://www.quora.com/profile/Exstal-Amic,0,ERROR
"Expop Bestqua","",https://www.quora.com/profile/Expop-Bestqua,0,ERROR
"Eudora","",https://www.quora.com/profile/Eudora-34,0,ERROR
"Estell","",https://www.quora.com/profile/Estell-6,0,ERROR
"Esta","",https://www.quora.com/profile/Esta-36,0,ERROR
"Esorulter","",https://www.quora.com/profile/Esorulter,0,ERROR
"Eric Kerr","",https://www.quora.com/profile/Eric-Kerr-49,0,ERROR
"Eric Brown","",https://www.quora.com/profile/Eric-Brown-1885,0,ERROR
"Erasmus","",https://www.quora.com/profile/Erasmus-2-1,0,ERROR
"Epacriddrome","",https://www.quora.com/profile/Epacriddrome,0,ERROR
"Enamelwareunder","",https://www.quora.com/profile/Enamelwareunder,0,ERROR
"Emobamin","",https://www.quora.com/profile/Emobamin,0,ERROR
"Emmie","",https://www.quora.com/profile/Emmie-1-1,0,ERROR
"Emma Terry","",https://www.quora.com/profile/Emma-Terry-68,0,ERROR
"Emma Hodges","",https://www.quora.com/profile/Emma-Hodges-57,0,ERROR
"Emlenoutdriv","",https://www.quora.com/profile/Emlenoutdriv,0,ERROR
"Emily McLean","",https://www.quora.com/profile/Emily-McLean-114,0,ERROR
"Emily Lawrence","",https://www.quora.com/profile/Emily-Lawrence-244,0,ERROR
"Emdit Jiaghag","",https://www.quora.com/profile/Emdit-Jiaghag,0,ERROR
"Elsie Simpson","former Works at Physics",https://www.quora.com/profile/Elsie-Simpson-4,0,ERROR
"Elmina","",https://www.quora.com/profile/Elmina-8,0,ERROR
"Elliot","",https://www.quora.com/profile/Elliot-867,0,ERROR
"Elizebeth","",https://www.quora.com/profile/Elizebeth-12,0,ERROR
"Elizabeth Wright","",https://www.quora.com/profile/Elizabeth-Wright-522,0,ERROR
"Elizabeth Smith","",https://www.quora.com/profile/Elizabeth-Smith-2857,0,ERROR
"Elizabeth Langdon","",https://www.quora.com/profile/Elizabeth-Langdon-16,0,ERROR
"Elizabeth Chapman","",https://www.quora.com/profile/Elizabeth-Chapman-180,0,ERROR
"Elise","",https://www.quora.com/profile/Elise-102-1,0,ERROR
"Elias","",https://www.quora.com/profile/Elias-32-1,0,ERROR
"Ehaclisa","",https://www.quora.com/profile/Ehaclisa,0,ERROR
"Egvarofor","",https://www.quora.com/profile/Egvarofor,0,ERROR
"Echidnaspottier","",https://www.quora.com/profile/Echidnaspottier,0,ERROR
"Dylan Nolan","",https://www.quora.com/profile/Dylan-Nolan-51,0,ERROR
"Dorothy Morgan","",https://www.quora.com/profile/Dorothy-Morgan-65,0,ERROR
"Dorothy Kerr","",https://www.quora.com/profile/Dorothy-Kerr-15,0,ERROR
"Dorothy Gill","",https://www.quora.com/profile/Dorothy-Gill-8,0,ERROR
"Dorothy Bailey","",https://www.quora.com/profile/Dorothy-Bailey-55,0,ERROR
"Dora Hall","former Works at Michaels Art & Crafts",https://www.quora.com/profile/Dora-Hall-5,0,ERROR
"Donna Underwood","",https://www.quora.com/profile/Donna-Underwood-52,0,ERROR
"Donna Sharp","",https://www.quora.com/profile/Donna-Sharp-73,0,ERROR
"Donna Morgan","",https://www.quora.com/profile/Donna-Morgan-345,0,ERROR
"Dolichocephali","",https://www.quora.com/profile/Dolichocephali,0,ERROR
"Docia","",https://www.quora.com/profile/Docia-7,0,ERROR
"Dibimtheosub","",https://www.quora.com/profile/Dibimtheosub,0,ERROR
"Diane Terry","",https://www.quora.com/profile/Diane-Terry-40,0,ERROR
"Diane Hemmings","",https://www.quora.com/profile/Diane-Hemmings-7,0,ERROR
"Diana Davies","",https://www.quora.com/profile/Diana-Davies-47,0,ERROR
"Diana Coleman","",https://www.quora.com/profile/Diana-Coleman-58,0,ERROR
"Diana","",https://www.quora.com/profile/Diana-4208,0,ERROR
"Dexrenare","",https://www.quora.com/profile/Dexrenare,0,ERROR
"Devataunglu","",https://www.quora.com/profile/Devataunglu,0,ERROR
"Dermiwakick","",https://www.quora.com/profile/Dermiwakick,0,ERROR
"Dephorofe","",https://www.quora.com/profile/Dephorofe,0,ERROR
"Dentpi Jerkconf","",https://www.quora.com/profile/Dentpi-Jerkconf,0,ERROR
"Dena","",https://www.quora.com/profile/Dena-187,0,ERROR
"Dempsey","",https://www.quora.com/profile/Dempsey-30,0,ERROR
"Deirdre Taylor","",https://www.quora.com/profile/Deirdre-Taylor-23,0,ERROR
"Deirdre May","",https://www.quora.com/profile/Deirdre-May-5,0,ERROR
"Deirdre Martin","",https://www.quora.com/profile/Deirdre-Martin-34,0,ERROR
"Dehsua Miefar","",https://www.quora.com/profile/Dehsua-Miefar,0,ERROR
"David Butler","",https://www.quora.com/profile/David-Butler-919,0,ERROR
"David Berry","",https://www.quora.com/profile/David-Berry-599,0,ERROR
"Daniel Tan","",https://www.quora.com/profile/Daniel-Tan-841,0,ERROR
"Danial","",https://www.quora.com/profile/Danial-1-4,0,ERROR
"Dan Carr","",https://www.quora.com/profile/Dan-Carr-148,0,ERROR
"Cyclamycinaudit","",https://www.quora.com/profile/Cyclamycinaudit,0,ERROR
"Cuscutaradi","",https://www.quora.com/profile/Cuscutaradi,0,ERROR
"Cristiana Mercioniu","I have 43 kg right now from 53.",https://www.quora.com/profile/Cristiana-Mercioniu,0,ERROR
"Cresoc Conmu","",https://www.quora.com/profile/Cresoc-Conmu,0,ERROR
"Corrirera","",https://www.quora.com/profile/Corrirera,0,ERROR
"Connor Wilson","",https://www.quora.com/profile/Connor-Wilson-385,0,ERROR
"Connor Wallace","",https://www.quora.com/profile/Connor-Wallace-106,0,ERROR
"Connor Bower","",https://www.quora.com/profile/Connor-Bower-10,0,ERROR
"Concepcion","",https://www.quora.com/profile/Concepcion-10,0,ERROR
"Commodore","",https://www.quora.com/profile/Commodore-1-1,0,ERROR
"Coenosteumsh","",https://www.quora.com/profile/Coenosteumsh,0,ERROR
"Clemmie","",https://www.quora.com/profile/Clemmie-18,0,ERROR
"Claudia Moore","",https://www.quora.com/profile/Claudia-Moore-112,0,ERROR
"Claude","",https://www.quora.com/profile/Claude-272,0,ERROR
"Claire Roberts","",https://www.quora.com/profile/Claire-Roberts-287,0,ERROR
"Claire Knox","",https://www.quora.com/profile/Claire-Knox-29,0,ERROR
"Ciunuverna","",https://www.quora.com/profile/Ciunuverna,0,ERROR
"Ciethobunfitz","",https://www.quora.com/profile/Ciethobunfitz-1,0,ERROR
"Ciethobunfitz","",https://www.quora.com/profile/Ciethobunfitz,0,ERROR
"Chromaphor","",https://www.quora.com/profile/Chromaphor,0,ERROR
"Christian Roberts","",https://www.quora.com/profile/Christian-Roberts-217,0,ERROR
"Christian Knox","",https://www.quora.com/profile/Christian-Knox-23,0,ERROR
"Chrissy Knight","",https://www.quora.com/profile/Chrissy-Knight-24,0,ERROR
"Chloe Payne","",https://www.quora.com/profile/Chloe-Payne-114,0,ERROR
"Chas","",https://www.quora.com/profile/Chas-167,0,ERROR
"Charles Tucker","",https://www.quora.com/profile/Charles-Tucker-202,0,ERROR
"Charles Black","former Works at Expedia",https://www.quora.com/profile/Charles-Black-114,0,ERROR
"Chancvernnila","",https://www.quora.com/profile/Chancvernnila,0,ERROR
"Chamdi Lora","",https://www.quora.com/profile/Chamdi-Lora,0,ERROR
"Cese Aryp","",https://www.quora.com/profile/Cese-Aryp,0,ERROR
"Carolyn Fisher","",https://www.quora.com/profile/Carolyn-Fisher-89,0,ERROR
"Caroline Randall","",https://www.quora.com/profile/Caroline-Randall-21,0,ERROR
"Caroline Mills","",https://www.quora.com/profile/Caroline-Mills-86,0,ERROR
"Carol Mackenzie","",https://www.quora.com/profile/Carol-Mackenzie-30,0,ERROR
"Carol Forsyth","",https://www.quora.com/profile/Carol-Forsyth-16,0,ERROR
"Carol Avery","",https://www.quora.com/profile/Carol-Avery-35,0,ERROR
"Cardaletatti","",https://www.quora.com/profile/Cardaletatti,0,ERROR
"Cameron Baker","",https://www.quora.com/profile/Cameron-Baker-225,0,ERROR
"Bydustpoco","",https://www.quora.com/profile/Bydustpoco,0,ERROR
"Burt","",https://www.quora.com/profile/Burt-77,0,ERROR
"Broadcastch","",https://www.quora.com/profile/Broadcastch,0,ERROR
"Brian Miller","",https://www.quora.com/profile/Brian-Miller-1849,0,ERROR
"Brandon Watson","",https://www.quora.com/profile/Brandon-Watson-366,0,ERROR
"Bradley","",https://www.quora.com/profile/Bradley-593,0,ERROR
"Boyju Varbe","",https://www.quora.com/profile/Boyju-Varbe,0,ERROR
"Bopplamolitt","",https://www.quora.com/profile/Bopplamolitt,0,ERROR
"Binaryexhumer","",https://www.quora.com/profile/Binaryexhumer,0,ERROR
"Bilsmougacount","",https://www.quora.com/profile/Bilsmougacount,0,ERROR
"Bilenx Gesdesf","",https://www.quora.com/profile/Bilenx-Gesdesf,0,ERROR
"Betsy","",https://www.quora.com/profile/Betsy-3-1,0,ERROR
"Bestrdertuma","",https://www.quora.com/profile/Bestrdertuma,0,ERROR
"Bessie Lambert","former Works at Open Polytechnic of New Zealand",https://www.quora.com/profile/Bessie-Lambert-3,0,ERROR
"Bernadette Underwood","",https://www.quora.com/profile/Bernadette-Underwood-1,0,ERROR
"Bernadette Dyer","",https://www.quora.com/profile/Bernadette-Dyer-9,0,ERROR
"Berdisphordi","",https://www.quora.com/profile/Berdisphordi,0,ERROR
"Bemaddencavalr","",https://www.quora.com/profile/Bemaddencavalr,0,ERROR
"Bellhatch Arsnooz","",https://www.quora.com/profile/Bellhatch-Arsnooz,0,ERROR
"Bella Kerr","",https://www.quora.com/profile/Bella-Kerr-16,0,ERROR
"Bella Glover","",https://www.quora.com/profile/Bella-Glover-13,0,ERROR
"Bella Cameron","",https://www.quora.com/profile/Bella-Cameron-19,0,ERROR
"Beclaspedpolyaf","",https://www.quora.com/profile/Beclaspedpolyaf,0,ERROR
"Basil","",https://www.quora.com/profile/Basil-377,0,ERROR
"Bailey","",https://www.quora.com/profile/Bailey-1222,0,ERROR
"Badisenrigh","",https://www.quora.com/profile/Badisenrigh,0,ERROR
"Backcochampa","",https://www.quora.com/profile/Backcochampa,0,ERROR
"Ava Vaughan","",https://www.quora.com/profile/Ava-Vaughan-11,0,ERROR
"Ava Murray","",https://www.quora.com/profile/Ava-Murray-50,0,ERROR
"Austin Lewis","",https://www.quora.com/profile/Austin-Lewis-348,0,ERROR
"August","",https://www.quora.com/profile/August-5-4,0,ERROR
"Audrey Peters","",https://www.quora.com/profile/Audrey-Peters-42,0,ERROR
"Audrey McDonald","",https://www.quora.com/profile/Audrey-McDonald-57,0,ERROR
"Audrey Manning","",https://www.quora.com/profile/Audrey-Manning-22,0,ERROR
"Audrey James","",https://www.quora.com/profile/Audrey-James-85,0,ERROR
"Audrey Forsyth","",https://www.quora.com/profile/Audrey-Forsyth-1,0,ERROR
"Audrey Anderson","",https://www.quora.com/profile/Audrey-Anderson-234,0,ERROR
"Atcilboumac","",https://www.quora.com/profile/Atcilboumac,0,ERROR
"Atamcowea","",https://www.quora.com/profile/Atamcowea,0,ERROR
"Asbury","",https://www.quora.com/profile/Asbury-3,0,ERROR
"Arthur","",https://www.quora.com/profile/Arthur-1587,0,ERROR
"Arrie","",https://www.quora.com/profile/Arrie-25,0,ERROR
"Arnit Sosa","",https://www.quora.com/profile/Arnit-Sosa,0,ERROR
"Arlo Renmya","",https://www.quora.com/profile/Arlo-Renmya,0,ERROR
"Argestesmanda","",https://www.quora.com/profile/Argestesmanda,0,ERROR
"Anthony Welch","",https://www.quora.com/profile/Anthony-Welch-98,0,ERROR
"Antarechit","",https://www.quora.com/profile/Antarechit,0,ERROR
"Anpin Juiri","",https://www.quora.com/profile/Anpin-Juiri,0,ERROR
"Annis","",https://www.quora.com/profile/Annis-19,0,ERROR
"Anne Taylor","",https://www.quora.com/profile/Anne-Taylor-403,0,ERROR
"Anna Poole","",https://www.quora.com/profile/Anna-Poole-46,0,ERROR
"Anna Black","",https://www.quora.com/profile/Anna-Black-200,0,ERROR
"Angie","",https://www.quora.com/profile/Angie-3068,0,ERROR
"Angela Langdon","",https://www.quora.com/profile/Angela-Langdon-12,0,ERROR
"Angela Hart","",https://www.quora.com/profile/Angela-Hart-169,0,ERROR
"Andrew Robertson","",https://www.quora.com/profile/Andrew-Robertson-584,0,ERROR
"Andrea Powell","",https://www.quora.com/profile/Andrea-Powell-146,0,ERROR
"Andrea Ince","",https://www.quora.com/profile/Andrea-Ince-3,0,ERROR
"Anastacio","",https://www.quora.com/profile/Anastacio-2,0,ERROR
"Anadyomeneen","",https://www.quora.com/profile/Anadyomeneen,0,ERROR
"Amy Clark","",https://www.quora.com/profile/Amy-Clark-827,0,ERROR
"Amphitokyphytoeco","",https://www.quora.com/profile/Amphitokyphytoeco,0,ERROR
"Amelia Powell","",https://www.quora.com/profile/Amelia-Powell-44,0,ERROR
"Amelia Ellison","",https://www.quora.com/profile/Amelia-Ellison-10,0,ERROR
"Ambrose","",https://www.quora.com/profile/Ambrose-119,0,ERROR
"Amanda Thomson","",https://www.quora.com/profile/Amanda-Thomson-113,0,ERROR
"Amanda Morgan","",https://www.quora.com/profile/Amanda-Morgan-610,0,ERROR
"Amanda Morgan","",https://www.quora.com/profile/Amanda-Morgan-607,0,ERROR
"Alys","",https://www.quora.com/profile/Alys-4-1,0,ERROR
"Alverta","",https://www.quora.com/profile/Alverta-1,0,ERROR
"Alvah","",https://www.quora.com/profile/Alvah-8,0,ERROR
"Alison King","",https://www.quora.com/profile/Alison-King-182,0,ERROR
"Alison Blake","",https://www.quora.com/profile/Alison-Blake-47,0,ERROR
"Alexandra Stewart","",https://www.quora.com/profile/Alexandra-Stewart-112,0,ERROR
"Alexandra Lee","",https://www.quora.com/profile/Alexandra-Lee-318,0,ERROR
"Alden","",https://www.quora.com/profile/Alden-83,0,ERROR
"Albertus","",https://www.quora.com/profile/Albertus-1-1,0,ERROR
"Alam Profew","",https://www.quora.com/profile/Alam-Profew,0,ERROR
"Adrian Paige","",https://www.quora.com/profile/Adrian-Paige-5,0,ERROR
"Addebetnu","",https://www.quora.com/profile/Addebetnu,0,ERROR
"Adda","",https://www.quora.com/profile/Adda-46,0,ERROR
"Adam Nash","",https://www.quora.com/profile/Adam-Nash-123,0,ERROR
"Adam Metcalfe","",https://www.quora.com/profile/Adam-Metcalfe-23,0,ERROR
"Adam Chapman","",https://www.quora.com/profile/Adam-Chapman-220,0,ERROR
"Acquisitumar","",https://www.quora.com/profile/Acquisitumar,0,ERROR
"Acan Biopio","",https://www.quora.com/profile/Acan-Biopio,0,ERROR
"Abtric Bura","",https://www.quora.com/profile/Abtric-Bura,0,ERROR
"Abigail Vaughan","",https://www.quora.com/profile/Abigail-Vaughan-11,0,ERROR
"Abigail Hudson","",https://www.quora.com/profile/Abigail-Hudson-37,0,ERROR
"Abigail Cameron","",https://www.quora.com/profile/Abigail-Cameron-17,0,ERROR
"Abigail Black","",https://www.quora.com/profile/Abigail-Black-55,0,ERROR
"Abigail Berry","",https://www.quora.com/profile/Abigail-Berry-37,0,ERROR
"Abcos Titu","",https://www.quora.com/profile/Abcos-Titu,0,ERROR
"Abby","",https://www.quora.com/profile/Abby-4147,0,ERROR
"Wendy Berry","",https://www.quora.com/profile/Wendy-Berry-75,2,ERROR
"Wanderer","",https://www.quora.com/profile/Wanderer-229,2,ERROR
"Utpaspefi","",https://www.quora.com/profile/Utpaspefi,2,ERROR
"Shane Barnes","former Former Sergeant, Administrative Specialist  at U.S. Air Force",https://www.quora.com/profile/Shane-Barnes-57,2,ERROR
"Ruben","",https://www.quora.com/profile/Ruben-838,2,ERROR
"Nathan Lane","former Owner, Silver Healer Productions at Self-Employment",https://www.quora.com/profile/Nathan-Lane-62,2,ERROR
"Metkarisur","",https://www.quora.com/profile/Metkarisur,2,ERROR
"Mahepit","",https://www.quora.com/profile/Mahepit,2,ERROR
"Letitia Ryan","former Host, Dean Bokhari's Meaningful Show",https://www.quora.com/profile/Letitia-Ryan-1,2,ERROR
"Jacopo Lestingi","studied Physics at La Sapienza (2020)",https://www.quora.com/profile/Jacopo-Lestingi,2,ERROR
"Hoy","",https://www.quora.com/profile/Hoy-1-1,2,ERROR
"Gadhadhar","Staff at The Internet (2015-present)",https://www.quora.com/profile/Gadhadhar,2,ERROR
"Fred","",https://www.quora.com/profile/Fred-2696,2,ERROR
"Doris Torres","former Mathematics Content Manager at Nagwa",https://www.quora.com/profile/Doris-Torres-22,2,ERROR
"Desire","",https://www.quora.com/profile/Desire-164,2,ERROR
"Akeem.kao","",https://www.quora.com/profile/Akeem-kao,2,ERROR
"Acca Fecpe","",https://www.quora.com/profile/Acca-Fecpe,2,ERROR
"Wopore","",https://www.quora.com/profile/Wopore,3,ERROR
"Stone Andrew","Senior Management Engineer at Offshore construction (1999-present)",https://www.quora.com/profile/Stone-Andrew-1,3,ERROR
"Nokasiy","",https://www.quora.com/profile/Nokasiy,3,ERROR
"Fimen","",https://www.quora.com/profile/Fimen,3,ERROR
"Charletta Ramon Vega","Lawyer at Law Firms",https://www.quora.com/profile/Charletta-Ramon-Vega,3,ERROR
"Agg Lincoln","",https://www.quora.com/profile/Agg-Lincoln-1,3,ERROR
"Seetha J","",https://www.quora.com/profile/Seetha-J-6,4,ERROR
"Robert Laflamme","Winch Operator",https://www.quora.com/profile/Robert-Laflamme-15,4,ERROR
"Preetha Prasad","",https://www.quora.com/profile/Preetha-Prasad-5,4,ERROR
"Jonah","",https://www.quora.com/profile/Jonah-1-4,4,ERROR
"Ixmal Supermarine","",https://www.quora.com/profile/Ixmal-Supermarine,4,ERROR
"Ewan Tsun","lives in Singapore (2006-present)",https://www.quora.com/profile/Ewan-Tsun-2,4,ERROR
"Burton Elham","",https://www.quora.com/profile/Burton-Elham,4,ERROR
"Sway Sounnds","",https://www.quora.com/profile/Sway-Sounnds,5,ERROR
"Naman Jain","studied at University of Delhi",https://www.quora.com/profile/Naman-Jain-2003,5,ERROR
"Dobowi","",https://www.quora.com/profile/Dobowi,5,ERROR
"Andrew Steven","",https://www.quora.com/profile/Andrew-Steven-73,5,ERROR
"احمد امين","",https://www.quora.com/profile/%D8%A7%D8%AD%D9%85%D8%AF-%D8%A7%D9%85%D9%8A%D9%86-6,6,ERROR
"Vishnu Soni","",https://www.quora.com/profile/Vishnu-Soni-114,6,ERROR
"Soumyadip Pal","ICSE from Holy Cross School Baruipur Kolkata (2020)",https://www.quora.com/profile/Soumyadip-Pal-47,6,ERROR
"Norma Moreno","former Environment Engineer at Federal Ministry of Health, Nigeria",https://www.quora.com/profile/Norma-Moreno-41,6,ERROR
"Helen Rodgers","",https://www.quora.com/profile/Helen-Rodgers-29,7,ERROR
"Sng Yi Xin","lives in Singapore",https://www.quora.com/profile/Sng-Yi-Xin,8,ERROR
"Carl Eckert","lives in Minnesota",https://www.quora.com/profile/Carl-Eckert-5,8,ERROR
"Vishnu Soni","",https://www.quora.com/profile/Vishnu-Soni-97,9,ERROR
"Sumit Kr Basak","Business Creative Dir. In Charge at Artoons Publishing & Promotion",https://www.quora.com/profile/Sumit-Kr-Basak,9,ERROR
"Sonia Arteaga","Assistant Coach  at ECISD",https://www.quora.com/profile/Sonia-Arteaga-5,9,ERROR
"Mathius Dwain","Mathius dwain (present 2013)",https://www.quora.com/profile/Mathius-Dwain,9,ERROR
"Kaizen","Staff at Walmart (2007-present)",https://www.quora.com/profile/Kaizen-119,9,ERROR
"Frank Johnson","Financial Consultant and Investment Management  (2014-present)",https://www.quora.com/profile/Frank-Johnson-757,11,ERROR
"Rajnikumar Suthar","",https://www.quora.com/profile/Rajnikumar-Suthar,12,ERROR
"Tobias Ware","Volunteer Adult Literacy Tutor at Logan City Council (2017-present)",https://www.quora.com/profile/Tobias-Ware,13,ERROR
"Lobsang Hagan","",https://www.quora.com/profile/Lobsang-Hagan,13,ERROR
"Irvin Louque","Tuten Park Program Manager (2015-present)",https://www.quora.com/profile/Irvin-Louque,14,ERROR
"Christine Fazio","",https://www.quora.com/profile/Christine-Fazio-9,14,ERROR
"Aman Bhardwaj","B.Sc Physics & Mathematics, Patna University (2021)",https://www.quora.com/profile/%E0%A4%85%E0%A4%AE%E0%A4%A8-%E0%A4%AD%E0%A4%BE%E0%A4%B0%E0%A4%A6%E0%A5%8D%E0%A4%B5%E0%A4%BE%E0%A4%9C-Aman-Bhardwaj,15,ERROR
"Libor","",https://www.quora.com/profile/Libor-14,17,ERROR
"Ulgen Dulger","",https://www.quora.com/profile/Ulgen-Dulger,18,ERROR
"L Shera","lived in California (2019)",https://www.quora.com/profile/L-Shera,18,ERROR
"Harsha Rao","Nature lover and enthusiast",https://www.quora.com/profile/Harsha-Rao-39,18,ERROR
"Seán Tjong","Member of the Trinity Walton Club",https://www.quora.com/profile/Se%C3%A1n-Tjong,19,ERROR
"Matthew Montee","former Jack of All Trades",https://www.quora.com/profile/Matthew-Montee,19,ERROR
"Rebecca Rowling","EXPECT TRADER AT FOREIGN EXCHANGE COMPANY PLATFORM at Foreign Exchange Market (2009-present)",https://www.quora.com/profile/Rebecca-Rowling,20,ERROR
"Robert Andrews","",https://www.quora.com/profile/Robert-Andrews-173,22,ERROR
"Jacob Eder","Lumberjack (2017-present)",https://www.quora.com/profile/Jacob-Eder,22,ERROR
"2050","knows Arabic",https://www.quora.com/profile/GORSHI,22,ERROR
"Tyrique Azmir","",https://www.quora.com/profile/Tyrique-Azmir,24,ERROR
"James LaMear","Wrestled in high school",https://www.quora.com/profile/James-LaMear,25,ERROR
"Sarthis Idren","Lifelong Pirate",https://www.quora.com/profile/Sarthis-Idren,26,ERROR
"Tor Precieux","",https://www.quora.com/profile/Tor-Precieux,27,ERROR
"Teddy Chaput","",https://www.quora.com/profile/Teddy-Chaput,28,ERROR
"Daniel Welch","",https://www.quora.com/profile/Daniel-Welch-131,28,ERROR
"Lionel Ward","",https://www.quora.com/profile/Lionel-Ward,29,ERROR
"Maxwell Hilton","studied at El Cerrito High School (2021)",https://www.quora.com/profile/Maxwell-Hilton-2,31,ERROR
"Alison Parker","",https://www.quora.com/profile/Alison-Parker-163,31,ERROR
"Khaled","C E O  at Computer Security (2015-present)",https://www.quora.com/profile/Khaled-559,32,ERROR
"Julia Clarence","Nurse at Private Hospitals",https://www.quora.com/profile/Julia-Clarence,33,ERROR
"Zachary Rhodes","Student ",https://www.quora.com/profile/Zachary-Rhodes-6,34,ERROR
"Tereza Amaral-Rogers","BSc. Honours Geology (1998)",https://www.quora.com/profile/Tereza-Amaral-Rogers,34,ERROR
"Helen Walter","former SENIOR ACCOUNT MANAGER",https://www.quora.com/profile/Helen-Walter-18,35,ERROR
"Wesley James Curtis","studied Philosophy & Environmental Studies at University of Oregon (2010)",https://www.quora.com/profile/Wesley-James-Curtis,36,ERROR
"Vaibhava","lives in Bengaluru, Karnataka, India",https://www.quora.com/profile/Vaibhava-1,36,ERROR
"Tim Laffey","feeding candy to carnivores",https://www.quora.com/profile/Tim-Laffey-2,36,ERROR
"Thomas Arch","Enterprise Software Architect (2010-present)",https://www.quora.com/profile/Thomas-Tang-142,36,ERROR
"Telepathic Narwhale","lives in Oregon (2021-present)",https://www.quora.com/profile/Telepathic-Narwhale,36,ERROR
"Suveer Chandra","Banker at State Bank of India",https://www.quora.com/profile/Suveer-Chandra,36,ERROR
"Sujoy Das","Pre-medico",https://www.quora.com/profile/Sujoy-Das-225,36,ERROR
"Simranjit Singh","lives in Vancouver, BC",https://www.quora.com/profile/Simranjit-Singh-202,36,ERROR
"Shankar Narayanan","Software Engineer at Broadcom (2014-present)",https://www.quora.com/profile/Shankar-Narayanan-223,36,ERROR
"Shahar Afridi","Owner at Commercial Construction Firm (2008-present)",https://www.quora.com/profile/Shahar-Afridi,36,ERROR
"Sasty Senapathy","studied at Bachelor of Technology in Computer Science and Engineering",https://www.quora.com/profile/Sasty-Senapathy,36,ERROR
"Sasha Anna","",https://www.quora.com/profile/Sasha-Anna-2,36,ERROR
"SYED ARIZ","studied English and Hindi Languages at Apeejay School, Park Street, Kolkata",https://www.quora.com/profile/SYED-ARIZ-12,36,ERROR
"Sanjay Nandan","works at Indian Administrative Service",https://www.quora.com/profile/Sanjay-Nandan-1,137700,ERROR
"Daveed Phoenix","Political Animal, Physician, Goofball, and All Around Nerd.",https://www.quora.com/profile/Daveed-Phoenix,110500,ERROR
"Feifei Wang","lives in Seattle, WA (2021-present)",https://www.quora.com/profile/Feifei-Wang-6,95800,ERROR
"Jordan Yates","B.A. English & Writing, University of Northern Colorado",https://www.quora.com/profile/Jordan-Yates-4,49600,ERROR
"Claire Jordan","Degree in biology and folklore; programmer, shop owner, secretary on newspaper",https://www.quora.com/profile/Claire-Jordan-10,48200,ERROR
"Håkon Hapnes Strand","Data Scientist. CTO. Chess player.",https://www.quora.com/profile/H%C3%A5kon-Hapnes-Strand,47400,ERROR
"Alex Cooper","Animal enthusiast",https://www.quora.com/profile/Alex-Cooper-81,42700,ERROR
"Rory Young","Wildlife conservationist.",https://www.quora.com/profile/Rory-Young-1,38500,ERROR
"Tirumalai Kamala","Immunologist, Ph.D. Mycobacteriology",https://www.quora.com/profile/Tirumalai-Kamala,34400,ERROR
"Geoffrey Verity Schofield","Coach at Verityfit.com (2021-present)",https://www.quora.com/profile/Geoffrey-Verity-Schofield,33200,ERROR
"Shulamit Widawsky","Mental health professional and writer",https://www.quora.com/profile/Shulamit-Widawsky,16300,ERROR
"Stefan Pociask","former Army Paratrooper. Son of war refugees. ",https://www.quora.com/profile/Stefan-Pociask,14900,ERROR
"Emily Fisher","lives in Cochise County, Arizona",https://www.quora.com/profile/Emily-Fisher-32,9700,ERROR
"Chier Hu","Investment Manager at Venture Capital (2017-present)",https://www.quora.com/profile/Chier-Hu,8200,ERROR
"Sabuj Chattopadhyay","Autodidact | Top Writer '15/'18",https://www.quora.com/profile/Sabuj-Chattopadhyay,8100,ERROR
"Ygor Coelho","Brazilian fascinated by world history, cultures & genetics.",https://www.quora.com/profile/Ygor-Coelho,8100,ERROR
"Adithya Ekananda","studied at Plymouth University (2021)",https://www.quora.com/profile/Adithya-Ekananda,7900,ERROR
"Marshall E. Gass","Novelist, Poet, Roadside Philosopher with 23 published books",https://www.quora.com/profile/Marshall-E-Gass,7900,ERROR
"Bradley Betts","studied Bachelor of Science in Geology with Honors at University of Portsmouth, UK (2011)",https://www.quora.com/profile/Bradley-Betts-4,7800,ERROR
"Michael Jørgensen","Senior FPGA Developer at Silicom (2017-present)",https://www.quora.com/profile/Michael-J%C3%B8rgensen-2,7800,ERROR
"Sed Chapman","Latitude 36 Attitude left. Lives in Japan.",https://www.quora.com/profile/Sed-Chapman,7800,ERROR
"Ygor Coelho","Brazilian fascinated by world history, cultures & genetics.",https://www.quora.com/profile/Ygor-Coelho,8100,ERROR
"Adithya Ekananda","studied at Plymouth University (2021)",https://www.quora.com/profile/Adithya-Ekananda,7900,ERROR
"Jennifer Larson","studied Nursing at University of South Dakota (1996)",https://www.quora.com/profile/Jennifer-Larson-84,7000,ERROR
"Lucia Millar","Quran user at Quora (2020-present)",https://www.quora.com/profile/Lucia-Millar,6700,ERROR
"Jubo Pako","lives in Stay Home",https://www.quora.com/profile/Jubo-Pako-1,4700,ERROR
"Holly Root-Gutteridge","I research dog & wolf behaviour, bake cakes, and read a lot",https://www.quora.com/profile/Holly-Root-Gutteridge,4600,ERROR
"Sneha","works at Steel Authority of India Limited",https://www.quora.com/profile/Sneha-1768,4100,ERROR
"Kamran Khan","Security Engineer @ Google. Ex-{Salesforce, Microsoft}.",https://www.quora.com/profile/Kamran-Khan-92,3700,ERROR
"Helgi Briem","Data scientist, biologist,  powerlifter, Icelander",https://www.quora.com/profile/Helgi-Briem,3500,ERROR
"Nicola Del Canto","Behavior Analyst. Italian Writer.",https://www.quora.com/profile/Nicola-Del-Canto,3500,ERROR
"Daniel James Berger","works at Bluffton University",https://www.quora.com/profile/Daniel-James-Berger,3100,ERROR
"Kimberly Hutchinson","Certified Public Accountant",https://www.quora.com/profile/Kimberly-Hutchinson-1,3100,ERROR
"Bridget Swain","former Mail Room Worker, Blood Receiving at United Medical Labratories (1972-1974)",https://www.quora.com/profile/Bridget-Swain,2900,ERROR
"Rebecca S","inspired by a hyena named Waffles",https://www.quora.com/profile/Rebecca-S-383,2900,ERROR
"UDO ANDRE Quora's Iguana King","Deputy to the Chief Outlaw at Bottom Writers™",https://www.quora.com/profile/UDO-ANDRE-Quoras-Iguana-King,2900,ERROR
"Terrance Russell","",https://www.quora.com/profile/Terrance-Russell-12,2700,ERROR
"Bramhatanu Banerjee","lives in Kolkata, West Bengal, India",https://www.quora.com/profile/Bramhatanu-Banerjee,2400,ERROR
"Jennifer Farley","Author, the Revealed Truths of Olin J. Stephens II at Working on Gifting the Hump - 2nd Novel, 5th Book (2018…",https://www.quora.com/profile/Jennifer-Farley-23,2200,ERROR
"Jubo Pako","knows Japanese",https://www.quora.com/profile/Jubo-Pako,2100,ERROR
"Laltu Halder","Associate at Amazon (2021-present)",https://www.quora.com/profile/Laltu-Halder-16,2100,ERROR
"Gino Lee","experienced driver of automatics",https://www.quora.com/profile/Gino-Lee,2000,ERROR
"Peter Webb","",https://www.quora.com/profile/Peter-Webb-9,1900,ERROR
"Sudarshan Konge","Software Developer at Microsoft (2017-present)",https://www.quora.com/profile/Sudarshan-Konge,1800,ERROR
"Vignesh R","Blogger at Blogging",https://www.quora.com/profile/Vignesh-R-641,1800,ERROR
"Jim Nieberding","Studied and kept octopuses for over 25 years",https://www.quora.com/profile/Jim-Nieberding,1600,ERROR
"Linda01","knows French",https://www.quora.com/profile/Linda01,1500,ERROR
"Rakibul Hasan Tanmoy","Marketing Assistant (2015-present)",https://www.quora.com/profile/Rakibul-Hasan-Tanmoy-1,1500,ERROR
"Cassie Lillian","lives in The United States of America",https://www.quora.com/profile/Cassie-Lillian,1400,ERROR
"Marc, Bella, Bella Skerlak","Kaiserliche General Proffesoren Senats Anwälte  (2021-present)",https://www.quora.com/profile/Marc-Bella-Bella-Skerlak,1400,ERROR
"Megann Rachelle","Artist at Freelancing (2010-present)",https://www.quora.com/profile/Megann-Rachelle,1400,ERROR
"Yoshi Schwann","gone",https://www.quora.com/profile/Yoshi-Schwann,1400,ERROR
"AngryApe - DEACTIVATED","works at Iowa State University",https://www.quora.com/profile/AngryApe-DEACTIVATED,1200,ERROR
"Beobachter","PhD Cell Biology (1991)",https://www.quora.com/profile/Beobachter-1,1200,ERROR
"Deepak Damor","Career Counseling and Youtuber  (2020-present)",https://www.quora.com/profile/Deepak-Damor-12,1200,ERROR
"Helix Possuelo","CEO at Mayvene [not public yet]",https://www.quora.com/profile/Helix-Possuelo,1200,ERROR
"Patrick Colligan","former Elephant Trainer  at San Diego Zoo Safari Park (1987-1998)",https://www.quora.com/profile/Patrick-Colligan-6,1200,ERROR
"Jana Victoria Menard","Owner at Fragrance Vault, LLC (2010-present)",https://www.quora.com/profile/Jana-Victoria-Menard,1100,ERROR
"Lisa Molly Morgan","Professional Bitcoin Miner ",https://www.quora.com/profile/Lisa-Molly-Morgan,1100,ERROR
"Seojun Ha","studied at Seattle University (2015)",https://www.quora.com/profile/Seojun-Ha,1100,ERROR
"Rick Fletcher","former Harness Horse Owner & Trainer/Fiscal Administrator",https://www.quora.com/profile/Rick-Fletcher-2,1000,ERROR
"Ernest Mark","lives in The United States of America (1983-present)",https://www.quora.com/profile/Ernest-Mark-5,833,ERROR
"Zanyar Golabi","Product at Twitter, Ex-Quora",https://www.quora.com/profile/Zanyar-Golabi-1,817,ERROR
"Rohit Upadhyay","lives in Bengaluru, Karnataka, India",https://www.quora.com/profile/Rohit-Upadhyay,805,ERROR
"Anupama Jatav","B.COM., LL.B., Physics, Chemistry, and Mathematics (2015)",https://www.quora.com/profile/Anupama-Jatav,796,ERROR
"Sage","Weight Loss at Online Busuiness (2017-present)",https://www.quora.com/profile/Sage-686,731,ERROR
"Stephen Brooks","Blockchain Consultant",https://www.quora.com/profile/Stephen-Brooks-207,729,ERROR
"Mujahid Mahmood","Read and seen everything related to Naruto",https://www.quora.com/profile/Mujahid-Mahmood,719,ERROR
"Gareth Morgan"," Ranked top 1% of researchers on Academia.edu",https://www.quora.com/profile/Gareth-Morgan-38,717,ERROR
"Ajani Olatunji","Lawyer  (2021-present)",https://www.quora.com/profile/Ajani-Olatunji,692,ERROR
"Michalis P.","lives in Europe",https://www.quora.com/profile/Michalis-P-2,639,ERROR
"Samantha","S E X Date - https://orgy.casa",https://www.quora.com/profile/Samantha-3054,633,ERROR
"Steven McReynolds","Reader, Writer, Gamer.",https://www.quora.com/profile/Steven-McReynolds-1,629,ERROR
"Ayananta Das","MBA from Indian Institute of Management, Ahmedabad (2022)",https://www.quora.com/profile/Ayananta-Das,613,ERROR
"Lisa Arnold","Pro Bitcoin Miner",https://www.quora.com/profile/Lisa-Arnold-226,594,ERROR
"Hélix Winchester","Professional Flirter at Girls (2019-present)",https://www.quora.com/profile/H%C3%A9lix-Winchester,560,ERROR
"Adhish Sethi","one among 7.7 billion",https://www.quora.com/profile/Adhish-Sethi,550,ERROR
"BARBARA Jane","Trader at Binance (2012-present)",https://www.quora.com/profile/BARBARA-Jane-26,541,ERROR
"Sofia Sylvester","Dating Management at Dating (2019-present)",https://www.quora.com/profile/Sofia-Sylvester-4,515,ERROR
"Simon Janevic","studied at Pioneer High School (2022)",https://www.quora.com/profile/Simon-Janevic,508,ERROR
"Micheal Ryan","Senior Account Manager at Bitcoins Organization  at Free Crypto Trading Signals & Free Crypto Currency Traini…",https://www.quora.com/profile/Micheal-Ryan-36,502,ERROR
"Gen. Flora D Darpino","knows Thai",https://www.quora.com/profile/Gen-Flora-D-Darpino,500,ERROR
"Himanshu Jha","Project of Co Financing Water Supply Computer Oper at Water Supply an Sanitation (2014-present)",https://www.quora.com/profile/Himanshu-Jha-182,493,ERROR
"Joe Williams","Blockchain Developer  at Blockchain (2016-present)",https://www.quora.com/profile/Joe-Williams-1239,472,ERROR
"Cameron Daniel","former Forex Trader",https://www.quora.com/profile/Cameron-Daniel-50,455,ERROR
"Dane Walters","Professional Data Scientist",https://www.quora.com/profile/Dane-Walters-3,449,ERROR
"Laura Aanested","On continual quest to find beauty in life and in others",https://www.quora.com/profile/Laura-Aanested,448,ERROR
"Quora User","Film Producer ",https://www.quora.com/profile/Charlize-Africa-Actress,437,ERROR
"Deepanshu Rankawat","studied at Bachelor of Medicine and Bachelor of Surgery Degrees",https://www.quora.com/profile/Deepanshu-Rankawat-1,425,ERROR
"Arnav Tawakley","lived in London (2003-2011)",https://www.quora.com/profile/Arnav-Tawakley,391,ERROR
"Deana Chapeltown","Don't confuse my kindness for weakness",https://www.quora.com/profile/Deana-Chapeltown,388,ERROR
"C.","M.A.P.L. from European University of the Atlantic",https://www.quora.com/profile/C-1345,365,ERROR
"Abhishek Goswami","Lead Developer at BYJU'S (2020-present)",https://www.quora.com/profile/Abhishek-Goswami-29,362,ERROR
"Amanda Van Damme","former Admin at All4fun",https://www.quora.com/profile/Amanda-Van-Damme-1,359,ERROR
"Bradley Bedgood","studies whole food dieting",https://www.quora.com/profile/Bradley-Bedgood-1,355,ERROR
"Dark Hyena","",https://www.quora.com/profile/Dark-Hyena,311,ERROR
"Joshua Apfelbaum","interested in medicine",https://www.quora.com/profile/Joshua-Apfelbaum,298,ERROR
"Sagar Dhodrao (सागर धोड़राव)","Atheist",https://www.quora.com/profile/Sagar-Dhodrao-%E0%A4%B8%E0%A4%BE%E0%A4%97%E0%A4%B0-%E0%A4%A7%E0%A5%8B%E0%A4%A1%E0%A4%BC%E0%A4%B0%E0%A4%BE%E0%A4%B5,276,ERROR
"Leonie Boyes","lives in Australia",https://www.quora.com/profile/Leonie-Boyes,254,ERROR
"Lewis Hamilton's","former Software and Hardware Hacker Services ",https://www.quora.com/profile/Lewis-Hamiltons,244,ERROR
"Shashank Hegde","Works for food ",https://www.quora.com/profile/Shashank-Hegde-8,238,ERROR
"Erez Zrihen","",https://www.quora.com/profile/Erez-Zrihen,237,ERROR
"Elon Musk","worked at Tesla",https://www.quora.com/profile/Elon-Musk-637,232,ERROR
"Johana Schwartz","Alumni Ambassador to the Admissions Committee  at Stanford University (2003-present)",https://www.quora.com/profile/Johana-Schwartz,221,ERROR
"Jim Haywood","I am a total amateur at almost everything.",https://www.quora.com/profile/Jim-Haywood,209,ERROR
"Gargi Vipra","former Associate Software Engineer at ACI Worldwide (2018-2019)",https://www.quora.com/profile/Gargi-Vipra,197,ERROR
"Jeffrey Leroy","Workers at Making Money Online (2013-present)",https://www.quora.com/profile/Jeffrey-Leroy-3,197,ERROR
"Nicole Vreeland","works at Art By Nikki V.- Artist/Owner",https://www.quora.com/profile/Nicole-Vreeland-1,193,ERROR
"Alanna Mancini","",https://www.quora.com/profile/Alanna-Mancini,192,ERROR
"Afrodita Mils","Economy Advisor",https://www.quora.com/profile/Afrodita-Mils,171,ERROR
"Rick Fleming","Quora Enthusiast",https://www.quora.com/profile/Rick-Fleming-20,169,ERROR
"Gagan Bajpai","worked at Times Internet Limited",https://www.quora.com/profile/Gagan-Bajpai,164,ERROR
"Abdillah Adhi Sampurna","studied at Indonesian Computer University",https://www.quora.com/profile/Abdillah-Adhi-Sampurna,163,ERROR
"Manish Anand","lives in Dublin, Ireland (2017-present)",https://www.quora.com/profile/Manish-Anand-11,150,ERROR
"John Ulrich","Account Manager  at Cryptospherefx",https://www.quora.com/profile/John-Ulrich-55,148,ERROR
"Amy Reed","Amy Nicole Reed at Hey (2020-present)",https://www.quora.com/profile/Amy-Reed-269,144,ERROR
"Deepak Baghel","studied at Kendriya Vidyalaya No. 1, Gwalior",https://www.quora.com/profile/Deepak-Baghel-153,144,ERROR
"Tarun Sharma","M. E Microelectronics, BITS Pilani, Hyderabad Campus (2021)",https://www.quora.com/profile/%E0%A4%A4%E0%A4%B0%E0%A5%81%E0%A4%A3-%E0%A4%B6%E0%A4%B0%E0%A5%8D%E0%A4%AE%E0%A4%BE-Tarun-Sharma,142,ERROR
"Prabhutoshan","lived in Indore, Madhya Pradesh, India",https://www.quora.com/profile/Prabhutoshan,136,ERROR
"Travis HittRealtor","Entrepreneur.Realtor.D Magazine Top Producer",https://www.quora.com/profile/Travis-HittRealtor,132,ERROR
"Mike Tailor","Account Manager  at Forex Signals (2010-present)",https://www.quora.com/profile/Mike-Tailor-6,130,ERROR
"Wilson Sylvester","Account Manager at Blockstream Cryptocurrency  at Blockstream (2017-present)",https://www.quora.com/profile/Wilson-Sylvester-5,121,ERROR
"Susan Oluwasindara","Creative Director (2016-present)",https://www.quora.com/profile/Susan-Oluwasindara,119,ERROR
"Quora User","Actor and Filmmaker  at Vin Diesel",https://www.quora.com/profile/Vin-Diesel-301,116,ERROR
"Shailesh Singh","Engineering at ABES Institute of Technology (2016-present)",https://www.quora.com/profile/Shailesh-Singh-%E0%A4%B6%E0%A5%88%E0%A4%B2%E0%A5%87%E0%A4%B6-%E0%A4%B8%E0%A4%BF%E0%A4%82%E0%A4%B9,116,ERROR
"Alessia Clarence","former Singer at Music",https://www.quora.com/profile/Alessia-Clarence,105,ERROR
"James Hong","",https://www.quora.com/profile/James-Hong-186,105,ERROR
"Dinesh Reddy(దినేష్ రెడ్డి)","studied at The Institute of Chartered Accountants of India",https://www.quora.com/profile/Dinesh-Reddy-%E0%B0%A6%E0%B0%BF%E0%B0%A8%E0%B1%87%E0%B0%B7%E0%B1%8D-%E0%B0%B0%E0%B1%86%E0%B0%A1%E0%B1%8D%E0%B0%A1%E0%B0%BF,98,ERROR
"Walter Christie","Electronics Engineer (2001-present)",https://www.quora.com/profile/Walter-Christie-3,94,ERROR
"Benny Carrol","former Manager",https://www.quora.com/profile/Benny-Carrol,93,ERROR
"Vishva Patel","Software Developer",https://www.quora.com/profile/Vishva-Patel-32,87,ERROR
"Judy Sperber","",https://www.quora.com/profile/Judy-Sperber-1,85,ERROR
"Shresth Jain","Dnb Pediatrics, GMERS Medical College,Gotri,Baroda",https://www.quora.com/profile/Shresth-Jain-3,84,ERROR
"Salman Khan","",https://www.quora.com/profile/Salman-Khan-7913,81,ERROR
"Mubashira Tanweer","Content Creator at Fiverr (2021-present)",https://www.quora.com/profile/Mubashira-Tanweer,80,ERROR
"Indera Yehoshua","studied at Bible Study",https://www.quora.com/profile/Indera-Yehoshua,78,ERROR
"Cynthia Kim","M.s Sustainable Urban Development (2018)",https://www.quora.com/profile/Cynthia-Kim-47,76,ERROR
"Gurinder Singh","lives in Chandigarh, India",https://www.quora.com/profile/Gurinder-Singh-127,76,ERROR
"George Lee","Account manager  at Bitcoin Mining (2005-present)",https://www.quora.com/profile/George-Lee-654,75,ERROR
"Zheng Xu","",https://www.quora.com/profile/Zheng-Xu-25,74,ERROR
"Eva Foster","Dentist ",https://www.quora.com/profile/Eva-Foster-35,71,ERROR
"Richard Dress","former Senior Design to Cost Engineer (1968-2002)",https://www.quora.com/profile/Richard-Dress,70,ERROR
"Dana Adams","Managing Director at Telecommunications (2014-present)",https://www.quora.com/profile/Dana-Adams-149,68,ERROR
"Jason Swails","Ph.D. Chemistry, University of Florida (2013)",https://www.quora.com/profile/Jason-Swails,68,ERROR
"Paula Tang","Retired business woman.  Southwest Texas!",https://www.quora.com/profile/Paula-Tang-1,62,ERROR
"Chakri Policherla","",https://www.quora.com/profile/Chakri-Policherla-1,60,ERROR
"Rhitom Dey","",https://www.quora.com/profile/Rhitom-Dey,58,ERROR
"Orrab Mas","Ph.D. Aerospace and Mechanical Sciences, Princeton University (1971)",https://www.quora.com/profile/Orrab-Mas,57,ERROR
"Aisha Kapoor","studied at University of Delhi (2020)",https://www.quora.com/profile/Aisha-Kapoor-16,54,ERROR
"Angeline","",https://www.quora.com/profile/Angeline-255,54,ERROR
"Pratyusha Mungara","Enjoying the ride",https://www.quora.com/profile/Pratyusha-Mungara,54,ERROR
"David Maxwell","Mechanical Engineer  (2000-present)",https://www.quora.com/profile/David-Maxwell-399,51,ERROR
"Lyndall Roberts","Zoo Keeper/ Trainer (2000-present)",https://www.quora.com/profile/Lyndall-Roberts,51,ERROR
"Răzvan","Romanian",https://www.quora.com/profile/R%C4%83zvan-43,47,ERROR
"Edmundo Balderas","studied at Upaep",https://www.quora.com/profile/Edmundo-Balderas,44,ERROR
"Angeline Merc","Makeup Artist",https://www.quora.com/profile/Angeline-Merc,41,ERROR
"Lorraine","",https://www.quora.com/profile/Lorraine-445,40,ERROR
"Natidi Cuptober","",https://www.quora.com/profile/Natidi-Cuptober,40,ERROR
"Smitha","HouseWife",https://www.quora.com/profile/Smitha-74,39,ERROR
"Swathi V","",https://www.quora.com/profile/Swathi-V-200,37,ERROR
"هيثم","",https://www.quora.com/profile/%D9%87%D9%8A%D8%AB%D9%85-5,36,ERROR
"Akshat Mathur","",https://www.quora.com/profile/Akshat-Mathur-3,35,ERROR
"Alexander Harrison","studied at Omaha Central High School (2019)",https://www.quora.com/profile/Alexander-Harrison-21,35,ERROR
"Anand Athinarayanan (அனந்த் ஆதிநாராயணன்)","studied at Masters in Software Engineering",https://www.quora.com/profile/Anand-Athinarayanan-%E0%AE%85%E0%AE%A9%E0%AE%A8%E0%AF%8D%E0%AE%A4%E0%AF%8D-%E0%AE%86%E0%AE%A4%E0%AE%BF%E0%AE%A8%E0%AE%BE%E0%AE%B0%E0%AE%BE%E0%AE%AF%E0%AE%A3%E0%AE%A9%E0%AF%8D,35,ERROR
"Andrew James Thompson","Works for Himself at Scratchin His Nutz Inc.",https://www.quora.com/profile/Andrew-James-Thompson-2,35,ERROR
"Anuwin Theresa Jose","",https://www.quora.com/profile/Anuwin-Theresa-Jose,35,ERROR
"Armin Reindl","studied Microbiology & Food Technology at Francisco Josephinum (2018)",https://www.quora.com/profile/Armin-Reindl,35,ERROR
"Arturo del Castillo","lives in Monterrey, Nuevo León",https://www.quora.com/profile/Arturo-del-Castillo,35,ERROR
"Avantika Mishra","Sales Team  at BYJU'S (2022-present)",https://www.quora.com/profile/Avantika-Mishra-75,35,ERROR
"Biswajit Singh","Software  Engineer",https://www.quora.com/profile/Biswajit-Singh-3,35,ERROR
"Carol Ann","Educator ",https://www.quora.com/profile/Carol-Ann-309,35,ERROR
"Catharine Foley","works at Birmingham City Council (1989-present)",https://www.quora.com/profile/Catharine-Foley,35,ERROR
"Charles Abutu","former Strategic Marine HR  at Thome Offshore (2018-2021)",https://www.quora.com/profile/Charles-Abutu,35,ERROR
"Chi Nguyen","",https://www.quora.com/profile/Chi-Nguyen-333,35,ERROR
"Chuck Gaither","",https://www.quora.com/profile/Chuck-Gaither,35,ERROR
